{"cameraMode":{"drawMode":0,"name":"Shaded","section":"Shading Mode"},"sceneLighting":true,"audioPlay":false,"sceneViewState":{"m_AlwaysRefresh":false,"showFog":true,"showSkybox":true,"showFlares":true,"showImageEffects":true,"showParticleSystems":true,"showVisualEffectGraphs":true,"m_FxEnabled":true},"in2DMode":false,"pivot":{"x":218.5272216796875,"y":30.41252899169922,"z":-123.0113525390625},"rotation":{"x":-0.0032690814696252348,"y":0.9962581992149353,"z":-0.04367371276021004,"w":-0.07455875724554062},"size":427.8080139160156,"orthographic":false}